{"cameraMode":{"drawMode":0,"name":"Shaded","section":"Shading Mode"},"sceneLighting":false,"audioPlay":false,"sceneViewState":{"showFog":true,"showMaterialUpdate":false,"showSkybox":false,"showFlares":true,"showImageEffects":true,"showParticleSystems":true,"showVisualEffectGraphs":true,"m_FxEnabled":true},"in2DMode":false,"pivot":{"x":-0.47295618057250979,"y":-2.3109254837036135,"z":-16.33055877685547},"rotation":{"x":0.002437738934531808,"y":-0.9955777525901794,"z":0.09015845507383347,"w":0.027812445536255838},"size":40.66399002075195,"orthographic":false}