{"cameraMode":{"drawMode":0,"name":"Shaded","section":"Shading Mode"},"sceneLighting":false,"audioPlay":false,"sceneViewState":{"showFog":true,"showMaterialUpdate":false,"showSkybox":false,"showFlares":true,"showImageEffects":true,"showParticleSystems":true,"showVisualEffectGraphs":true,"m_FxEnabled":true},"in2DMode":false,"pivot":{"x":-2.3538577556610109,"y":5.092288970947266,"z":21.702308654785158},"rotation":{"x":-0.000023606480681337416,"y":-0.9991996884346008,"z":0.0408000722527504,"w":0.0009227294940501452},"size":19.64041519165039,"orthographic":false}