{"cameraMode":{"drawMode":0,"name":"Shaded","section":"Shading Mode"},"sceneLighting":false,"audioPlay":false,"sceneViewState":{"showFog":true,"showMaterialUpdate":false,"showSkybox":false,"showFlares":true,"showImageEffects":true,"showParticleSystems":true,"showVisualEffectGraphs":true,"m_FxEnabled":true},"in2DMode":false,"pivot":{"x":-0.4586794376373291,"y":4.681567668914795,"z":-25.43972396850586},"rotation":{"x":0.000029411408831947483,"y":-0.9998691082000732,"z":0.006311000790446997,"w":0.01742115430533886},"size":31.307544708251954,"orthographic":false}