{"cameraMode":{"drawMode":0,"name":"Shaded","section":"Shading Mode"},"sceneLighting":false,"audioPlay":false,"sceneViewState":{"showFog":true,"showMaterialUpdate":false,"showSkybox":false,"showFlares":true,"showImageEffects":true,"showParticleSystems":true,"showVisualEffectGraphs":true,"m_FxEnabled":true},"in2DMode":false,"pivot":{"x":7.257783889770508,"y":-3.4811878204345705,"z":32.440616607666019},"rotation":{"x":0.0018892573425546289,"y":-0.9907861948013306,"z":0.134888157248497,"w":0.014297878369688988},"size":35.94617462158203,"orthographic":false}