{"cameraMode":{"drawMode":0,"name":"Shaded","section":"Shading Mode"},"sceneLighting":false,"audioPlay":false,"sceneViewState":{"showFog":true,"showMaterialUpdate":false,"showSkybox":false,"showFlares":true,"showImageEffects":true,"showParticleSystems":true,"showVisualEffectGraphs":true,"m_FxEnabled":true},"in2DMode":false,"pivot":{"x":-0.054697513580322269,"y":0.41999971866607668,"z":35.20000076293945},"rotation":{"x":0.000029411408831947483,"y":-0.9998691082000732,"z":0.006311000790446997,"w":0.01742115430533886},"size":2.246209144592285,"orthographic":false}